,Order Id,Product,Quantity Ordered,Price Each,Order Data,Purchase Address
0,0,27in FHD Monitor,1,"[149.99, 11]",NA,NA
1,1,Lightning Charging Cable,1,"[14.95, 30]",NA,NA
2,2,USB-C Charging Cable,1,"[11.95, 30]",NA,NA
3,3,AA Batteries (4-pack),1,"[3.84, 30]",NA,NA
4,4,Lightning Charging Cable,1,"[14.95, 30]",NA,NA
5,5,iPhone,1,"[700, 10]",NA,NA
6,6,AAA Batteries (4-pack),1,"[2.99, 30]",NA,NA
7,7,Bose SoundSport Headphones,1,"[99.99, 19]",NA,NA
8,8,27in FHD Monitor,1,"[149.99, 11]",NA,NA
9,9,AAA Batteries (4-pack),1,"[2.99, 30]",NA,NA
10,10,Macbook Pro Laptop,1,"[1700, 7]",NA,NA
11,11,Google Phone,1,"[600, 8]",NA,NA
12,12,USB-C Charging Cable,1,"[11.95, 30]",NA,NA
13,13,USB-C Charging Cable,1,"[11.95, 30]",NA,NA
14,14,Vareebadd Phone,1,"[400, 3]",NA,NA
15,15,USB-C Charging Cable,1,"[11.95, 30]",NA,NA
16,16,USB-C Charging Cable,1,"[11.95, 30]",NA,NA
17,17,Bose SoundSport Headphones,1,"[99.99, 19]",NA,NA
18,18,27in FHD Monitor,1,"[149.99, 11]",NA,NA
19,19,AAA Batteries (4-pack),1,"[2.99, 30]",NA,NA
20,20,AA Batteries (4-pack),1,"[3.84, 30]",NA,NA
21,21,Bose SoundSport Headphones,1,"[99.99, 19]",NA,NA
22,22,Wired Headphones,1,"[11.99, 26]",NA,NA
23,23,Bose SoundSport Headphones,1,"[99.99, 19]",NA,NA
24,24,Apple Airpods Headphones,1,"[150, 22]",NA,NA
25,25,20in Monitor,1,"[109.99, 6]",NA,NA
26,26,AA Batteries (4-pack),1,"[3.84, 30]",NA,NA
27,27,AA Batteries (4-pack),1,"[3.84, 30]",NA,NA
28,28,AA Batteries (4-pack),1,"[3.84, 30]",NA,NA
29,29,Lightning Charging Cable,1,"[14.95, 30]",NA,NA
30,30,Bose SoundSport Headphones,1,"[99.99, 19]",NA,NA
31,31,Bose SoundSport Headphones,1,"[99.99, 19]",NA,NA
32,32,AA Batteries (4-pack),1,"[3.84, 30]",NA,NA
33,33,Bose SoundSport Headphones,1,"[99.99, 19]",NA,NA
34,34,Wired Headphones,1,"[11.99, 26]",NA,NA
35,35,AA Batteries (4-pack),1,"[3.84, 30]",NA,NA
36,36,Apple Airpods Headphones,1,"[150, 22]",NA,NA
37,37,USB-C Charging Cable,1,"[11.95, 30]",NA,NA
38,38,Lightning Charging Cable,1,"[14.95, 30]",NA,NA
39,39,20in Monitor,1,"[109.99, 6]",NA,NA
40,40,AA Batteries (4-pack),1,"[3.84, 30]",NA,NA
41,41,AAA Batteries (4-pack),1,"[2.99, 30]",NA,NA
42,42,USB-C Charging Cable,1,"[11.95, 30]",NA,NA
43,43,AAA Batteries (4-pack),1,"[2.99, 30]",NA,NA
44,44,Apple Airpods Headphones,1,"[150, 22]",NA,NA
45,45,AAA Batteries (4-pack),1,"[2.99, 30]",NA,NA
46,46,AA Batteries (4-pack),1,"[3.84, 30]",NA,NA
47,47,AAA Batteries (4-pack),1,"[2.99, 30]",NA,NA
48,48,Bose SoundSport Headphones,1,"[99.99, 19]",NA,NA
49,49,27in FHD Monitor,1,"[149.99, 11]",NA,NA
50,50,AA Batteries (4-pack),1,"[3.84, 30]",NA,NA
51,51,Wired Headphones,1,"[11.99, 26]",NA,NA
52,52,AA Batteries (4-pack),1,"[3.84, 30]",NA,NA
53,53,Bose SoundSport Headphones,1,"[99.99, 19]",NA,NA
54,54,Bose SoundSport Headphones,1,"[99.99, 19]",NA,NA
55,55,20in Monitor,1,"[109.99, 6]",NA,NA
56,56,Wired Headphones,1,"[11.99, 26]",NA,NA
57,57,34in Ultrawide Monitor,1,"[379.99, 9]",NA,NA
58,58,Wired Headphones,1,"[11.99, 26]",NA,NA
59,59,27in FHD Monitor,1,"[149.99, 11]",NA,NA
60,60,Lightning Charging Cable,1,"[14.95, 30]",NA,NA
61,61,AA Batteries (4-pack),1,"[3.84, 30]",NA,NA
62,62,Lightning Charging Cable,1,"[14.95, 30]",NA,NA
63,63,USB-C Charging Cable,1,"[11.95, 30]",NA,NA
64,64,27in FHD Monitor,1,"[149.99, 11]",NA,NA
65,65,Wired Headphones,1,"[11.99, 26]",NA,NA
66,66,AA Batteries (4-pack),1,"[3.84, 30]",NA,NA
67,67,AA Batteries (4-pack),1,"[3.84, 30]",NA,NA
68,68,AAA Batteries (4-pack),1,"[2.99, 30]",NA,NA
69,69,Wired Headphones,1,"[11.99, 26]",NA,NA
70,70,Wired Headphones,1,"[11.99, 26]",NA,NA
71,71,AAA Batteries (4-pack),1,"[2.99, 30]",NA,NA
72,72,Lightning Charging Cable,1,"[14.95, 30]",NA,NA
73,73,Apple Airpods Headphones,1,"[150, 22]",NA,NA
74,74,Apple Airpods Headphones,1,"[150, 22]",NA,NA
75,75,Apple Airpods Headphones,1,"[150, 22]",NA,NA
76,76,AAA Batteries (4-pack),1,"[2.99, 30]",NA,NA
77,77,34in Ultrawide Monitor,1,"[379.99, 9]",NA,NA
78,78,Apple Airpods Headphones,1,"[150, 22]",NA,NA
79,79,iPhone,1,"[700, 10]",NA,NA
80,80,Lightning Charging Cable,1,"[14.95, 30]",NA,NA
81,81,iPhone,1,"[700, 10]",NA,NA
82,82,34in Ultrawide Monitor,1,"[379.99, 9]",NA,NA
83,83,27in 4K Gaming Monitor,1,"[389.99, 9]",NA,NA
84,84,iPhone,1,"[700, 10]",NA,NA
85,85,AA Batteries (4-pack),1,"[3.84, 30]",NA,NA
86,86,Flatscreen TV,1,"[300, 7]",NA,NA
87,87,34in Ultrawide Monitor,1,"[379.99, 9]",NA,NA
88,88,34in Ultrawide Monitor,1,"[379.99, 9]",NA,NA
89,89,AAA Batteries (4-pack),1,"[2.99, 30]",NA,NA
90,90,ThinkPad Laptop,1,"[999.99, 6]",NA,NA
91,91,20in Monitor,1,"[109.99, 6]",NA,NA
92,92,USB-C Charging Cable,1,"[11.95, 30]",NA,NA
93,93,AA Batteries (4-pack),1,"[3.84, 30]",NA,NA
94,94,USB-C Charging Cable,1,"[11.95, 30]",NA,NA
95,95,Lightning Charging Cable,1,"[14.95, 30]",NA,NA
96,96,USB-C Charging Cable,1,"[11.95, 30]",NA,NA
97,97,AA Batteries (4-pack),1,"[3.84, 30]",NA,NA
98,98,34in Ultrawide Monitor,1,"[379.99, 9]",NA,NA
99,99,iPhone,1,"[700, 10]",NA,NA
100,100,Flatscreen TV,1,"[300, 7]",NA,NA
101,101,Wired Headphones,1,"[11.99, 26]",NA,NA
102,102,AAA Batteries (4-pack),1,"[2.99, 30]",NA,NA
103,103,AAA Batteries (4-pack),1,"[2.99, 30]",NA,NA
104,104,AA Batteries (4-pack),1,"[3.84, 30]",NA,NA
105,105,27in 4K Gaming Monitor,1,"[389.99, 9]",NA,NA
106,106,USB-C Charging Cable,1,"[11.95, 30]",NA,NA
107,107,Lightning Charging Cable,1,"[14.95, 30]",NA,NA
108,108,Lightning Charging Cable,1,"[14.95, 30]",NA,NA
109,109,AA Batteries (4-pack),1,"[3.84, 30]",NA,NA
110,110,Lightning Charging Cable,1,"[14.95, 30]",NA,NA
111,111,27in 4K Gaming Monitor,1,"[389.99, 9]",NA,NA
112,112,AAA Batteries (4-pack),1,"[2.99, 30]",NA,NA
113,113,ThinkPad Laptop,1,"[999.99, 6]",NA,NA
114,114,Google Phone,1,"[600, 8]",NA,NA
115,115,Lightning Charging Cable,1,"[14.95, 30]",NA,NA
116,116,AAA Batteries (4-pack),1,"[2.99, 30]",NA,NA
117,117,Lightning Charging Cable,1,"[14.95, 30]",NA,NA
118,118,Apple Airpods Headphones,1,"[150, 22]",NA,NA
119,119,Flatscreen TV,1,"[300, 7]",NA,NA
120,120,Lightning Charging Cable,1,"[14.95, 30]",NA,NA
121,121,Macbook Pro Laptop,1,"[1700, 7]",NA,NA
122,122,Apple Airpods Headphones,1,"[150, 22]",NA,NA
123,123,AA Batteries (4-pack),1,"[3.84, 30]",NA,NA
124,124,Apple Airpods Headphones,1,"[150, 22]",NA,NA
125,125,20in Monitor,1,"[109.99, 6]",NA,NA
126,126,Bose SoundSport Headphones,1,"[99.99, 19]",NA,NA
127,127,Apple Airpods Headphones,1,"[150, 22]",NA,NA
128,128,34in Ultrawide Monitor,1,"[379.99, 9]",NA,NA
129,129,Wired Headphones,1,"[11.99, 26]",NA,NA
130,130,Google Phone,1,"[600, 8]",NA,NA
131,131,Lightning Charging Cable,1,"[14.95, 30]",NA,NA
132,132,Lightning Charging Cable,1,"[14.95, 30]",NA,NA
133,133,AAA Batteries (4-pack),1,"[2.99, 30]",NA,NA
134,134,27in FHD Monitor,1,"[149.99, 11]",NA,NA
135,135,Wired Headphones,1,"[11.99, 26]",NA,NA
136,136,USB-C Charging Cable,1,"[11.95, 30]",NA,NA
137,137,AA Batteries (4-pack),1,"[3.84, 30]",NA,NA
138,138,Bose SoundSport Headphones,1,"[99.99, 19]",NA,NA
139,139,Wired Headphones,1,"[11.99, 26]",NA,NA
140,140,AAA Batteries (4-pack),1,"[2.99, 30]",NA,NA
141,141,Apple Airpods Headphones,1,"[150, 22]",NA,NA
142,142,AA Batteries (4-pack),1,"[3.84, 30]",NA,NA
143,143,34in Ultrawide Monitor,1,"[379.99, 9]",NA,NA
144,144,Macbook Pro Laptop,1,"[1700, 7]",NA,NA
145,145,AAA Batteries (4-pack),1,"[2.99, 30]",NA,NA
146,146,ThinkPad Laptop,1,"[999.99, 6]",NA,NA
147,147,USB-C Charging Cable,1,"[11.95, 30]",NA,NA
148,148,USB-C Charging Cable,1,"[11.95, 30]",NA,NA
149,149,AAA Batteries (4-pack),1,"[2.99, 30]",NA,NA
150,150,Lightning Charging Cable,1,"[14.95, 30]",NA,NA
151,151,Lightning Charging Cable,1,"[14.95, 30]",NA,NA
152,152,USB-C Charging Cable,1,"[11.95, 30]",NA,NA
153,153,Lightning Charging Cable,1,"[14.95, 30]",NA,NA
154,154,Lightning Charging Cable,1,"[14.95, 30]",NA,NA
155,155,AA Batteries (4-pack),1,"[3.84, 30]",NA,NA
156,156,27in FHD Monitor,1,"[149.99, 11]",NA,NA
157,157,27in 4K Gaming Monitor,1,"[389.99, 9]",NA,NA
158,158,Vareebadd Phone,1,"[400, 3]",NA,NA
159,159,Bose SoundSport Headphones,1,"[99.99, 19]",NA,NA
160,160,Lightning Charging Cable,1,"[14.95, 30]",NA,NA
161,161,27in FHD Monitor,1,"[149.99, 11]",NA,NA
162,162,AA Batteries (4-pack),1,"[3.84, 30]",NA,NA
163,163,AAA Batteries (4-pack),1,"[2.99, 30]",NA,NA
164,164,Flatscreen TV,1,"[300, 7]",NA,NA
165,165,27in 4K Gaming Monitor,1,"[389.99, 9]",NA,NA
166,166,Macbook Pro Laptop,1,"[1700, 7]",NA,NA
167,167,Flatscreen TV,1,"[300, 7]",NA,NA
168,168,USB-C Charging Cable,1,"[11.95, 30]",NA,NA
169,169,AAA Batteries (4-pack),1,"[2.99, 30]",NA,NA
170,170,USB-C Charging Cable,1,"[11.95, 30]",NA,NA
171,171,ThinkPad Laptop,1,"[999.99, 6]",NA,NA
172,172,AAA Batteries (4-pack),1,"[2.99, 30]",NA,NA
173,173,iPhone,1,"[700, 10]",NA,NA
174,174,34in Ultrawide Monitor,1,"[379.99, 9]",NA,NA
175,175,AAA Batteries (4-pack),1,"[2.99, 30]",NA,NA
176,176,Wired Headphones,1,"[11.99, 26]",NA,NA
177,177,AAA Batteries (4-pack),1,"[2.99, 30]",NA,NA
178,178,USB-C Charging Cable,1,"[11.95, 30]",NA,NA
179,179,iPhone,1,"[700, 10]",NA,NA
180,180,Lightning Charging Cable,1,"[14.95, 30]",NA,NA
181,181,Macbook Pro Laptop,1,"[1700, 7]",NA,NA
182,182,Apple Airpods Headphones,1,"[150, 22]",NA,NA
183,183,Google Phone,1,"[600, 8]",NA,NA
184,184,34in Ultrawide Monitor,1,"[379.99, 9]",NA,NA
185,185,Wired Headphones,1,"[11.99, 26]",NA,NA
186,186,Macbook Pro Laptop,1,"[1700, 7]",NA,NA
187,187,Apple Airpods Headphones,1,"[150, 22]",NA,NA
188,188,34in Ultrawide Monitor,1,"[379.99, 9]",NA,NA
189,189,AAA Batteries (4-pack),1,"[2.99, 30]",NA,NA
190,190,Macbook Pro Laptop,1,"[1700, 7]",NA,NA
191,191,USB-C Charging Cable,1,"[11.95, 30]",NA,NA
192,192,27in FHD Monitor,1,"[149.99, 11]",NA,NA
193,193,Google Phone,1,"[600, 8]",NA,NA
194,194,27in 4K Gaming Monitor,1,"[389.99, 9]",NA,NA
195,195,34in Ultrawide Monitor,1,"[379.99, 9]",NA,NA
196,196,USB-C Charging Cable,1,"[11.95, 30]",NA,NA
197,197,AA Batteries (4-pack),1,"[3.84, 30]",NA,NA
198,198,Apple Airpods Headphones,1,"[150, 22]",NA,NA
199,199,USB-C Charging Cable,1,"[11.95, 30]",NA,NA
200,200,AAA Batteries (4-pack),1,"[2.99, 30]",NA,NA
201,201,AAA Batteries (4-pack),1,"[2.99, 30]",NA,NA
202,202,Wired Headphones,1,"[11.99, 26]",NA,NA
203,203,Vareebadd Phone,1,"[400, 3]",NA,NA
204,204,LG Dryer,1,"[600.0, 1]",NA,NA
205,205,AAA Batteries (4-pack),1,"[2.99, 30]",NA,NA
206,206,Lightning Charging Cable,1,"[14.95, 30]",NA,NA
207,207,27in 4K Gaming Monitor,1,"[389.99, 9]",NA,NA
208,208,Wired Headphones,1,"[11.99, 26]",NA,NA
209,209,27in 4K Gaming Monitor,1,"[389.99, 9]",NA,NA
210,210,Wired Headphones,1,"[11.99, 26]",NA,NA
211,211,Google Phone,1,"[600, 8]",NA,NA
212,212,27in 4K Gaming Monitor,1,"[389.99, 9]",NA,NA
213,213,AAA Batteries (4-pack),1,"[2.99, 30]",NA,NA
214,214,Lightning Charging Cable,1,"[14.95, 30]",NA,NA
215,215,AAA Batteries (4-pack),1,"[2.99, 30]",NA,NA
216,216,Flatscreen TV,1,"[300, 7]",NA,NA
217,217,AA Batteries (4-pack),1,"[3.84, 30]",NA,NA
218,218,Wired Headphones,1,"[11.99, 26]",NA,NA
219,219,iPhone,1,"[700, 10]",NA,NA
220,220,AA Batteries (4-pack),1,"[3.84, 30]",NA,NA
221,221,AA Batteries (4-pack),1,"[3.84, 30]",NA,NA
222,222,Wired Headphones,1,"[11.99, 26]",NA,NA
223,223,20in Monitor,1,"[109.99, 6]",NA,NA
224,224,Wired Headphones,1,"[11.99, 26]",NA,NA
225,225,USB-C Charging Cable,1,"[11.95, 30]",NA,NA
226,226,ThinkPad Laptop,1,"[999.99, 6]",NA,NA
227,227,Bose SoundSport Headphones,1,"[99.99, 19]",NA,NA
228,228,AAA Batteries (4-pack),1,"[2.99, 30]",NA,NA
229,229,AA Batteries (4-pack),1,"[3.84, 30]",NA,NA
230,230,Bose SoundSport Headphones,1,"[99.99, 19]",NA,NA
231,231,USB-C Charging Cable,1,"[11.95, 30]",NA,NA
232,232,USB-C Charging Cable,1,"[11.95, 30]",NA,NA
233,233,AA Batteries (4-pack),1,"[3.84, 30]",NA,NA
234,234,iPhone,1,"[700, 10]",NA,NA
235,235,USB-C Charging Cable,1,"[11.95, 30]",NA,NA
236,236,AA Batteries (4-pack),1,"[3.84, 30]",NA,NA
237,237,Google Phone,1,"[600, 8]",NA,NA
238,238,Google Phone,1,"[600, 8]",NA,NA
239,239,iPhone,1,"[700, 10]",NA,NA
240,240,AAA Batteries (4-pack),1,"[2.99, 30]",NA,NA
241,241,Lightning Charging Cable,1,"[14.95, 30]",NA,NA
242,242,AA Batteries (4-pack),1,"[3.84, 30]",NA,NA
243,243,USB-C Charging Cable,1,"[11.95, 30]",NA,NA
244,244,Lightning Charging Cable,1,"[14.95, 30]",NA,NA
245,245,Wired Headphones,1,"[11.99, 26]",NA,NA
246,246,Lightning Charging Cable,1,"[14.95, 30]",NA,NA
247,247,AAA Batteries (4-pack),1,"[2.99, 30]",NA,NA
248,248,AAA Batteries (4-pack),1,"[2.99, 30]",NA,NA
249,249,Lightning Charging Cable,1,"[14.95, 30]",NA,NA
250,250,AAA Batteries (4-pack),1,"[2.99, 30]",NA,NA
251,251,Lightning Charging Cable,1,"[14.95, 30]",NA,NA
252,252,AA Batteries (4-pack),1,"[3.84, 30]",NA,NA
253,253,27in FHD Monitor,1,"[149.99, 11]",NA,NA
254,254,AA Batteries (4-pack),1,"[3.84, 30]",NA,NA
255,255,27in FHD Monitor,1,"[149.99, 11]",NA,NA
256,256,AAA Batteries (4-pack),1,"[2.99, 30]",NA,NA
257,257,iPhone,1,"[700, 10]",NA,NA
258,258,34in Ultrawide Monitor,1,"[379.99, 9]",NA,NA
259,259,Apple Airpods Headphones,1,"[150, 22]",NA,NA
260,260,AAA Batteries (4-pack),1,"[2.99, 30]",NA,NA
261,261,34in Ultrawide Monitor,1,"[379.99, 9]",NA,NA
262,262,34in Ultrawide Monitor,1,"[379.99, 9]",NA,NA
263,263,Vareebadd Phone,1,"[400, 3]",NA,NA
264,264,27in FHD Monitor,1,"[149.99, 11]",NA,NA
265,265,AA Batteries (4-pack),1,"[3.84, 30]",NA,NA
266,266,AAA Batteries (4-pack),1,"[2.99, 30]",NA,NA
267,267,AA Batteries (4-pack),1,"[3.84, 30]",NA,NA
268,268,AA Batteries (4-pack),1,"[3.84, 30]",NA,NA
269,269,iPhone,1,"[700, 10]",NA,NA
270,270,Macbook Pro Laptop,1,"[1700, 7]",NA,NA
271,271,AA Batteries (4-pack),1,"[3.84, 30]",NA,NA
272,272,USB-C Charging Cable,1,"[11.95, 30]",NA,NA
273,273,Lightning Charging Cable,1,"[14.95, 30]",NA,NA
274,274,27in FHD Monitor,1,"[149.99, 11]",NA,NA
275,275,Google Phone,1,"[600, 8]",NA,NA
276,276,27in FHD Monitor,1,"[149.99, 11]",NA,NA
277,277,AAA Batteries (4-pack),1,"[2.99, 30]",NA,NA
278,278,Wired Headphones,1,"[11.99, 26]",NA,NA
279,279,Lightning Charging Cable,1,"[14.95, 30]",NA,NA
280,280,34in Ultrawide Monitor,1,"[379.99, 9]",NA,NA
281,281,AAA Batteries (4-pack),1,"[2.99, 30]",NA,NA
282,282,Bose SoundSport Headphones,1,"[99.99, 19]",NA,NA
283,283,Macbook Pro Laptop,1,"[1700, 7]",NA,NA
284,284,Wired Headphones,1,"[11.99, 26]",NA,NA
285,285,AAA Batteries (4-pack),1,"[2.99, 30]",NA,NA
286,286,USB-C Charging Cable,1,"[11.95, 30]",NA,NA
287,287,Macbook Pro Laptop,1,"[1700, 7]",NA,NA
288,288,USB-C Charging Cable,1,"[11.95, 30]",NA,NA
289,289,AA Batteries (4-pack),1,"[3.84, 30]",NA,NA
290,290,AA Batteries (4-pack),1,"[3.84, 30]",NA,NA
291,291,ThinkPad Laptop,1,"[999.99, 6]",NA,NA
292,292,34in Ultrawide Monitor,1,"[379.99, 9]",NA,NA
293,293,AA Batteries (4-pack),1,"[3.84, 30]",NA,NA
294,294,Vareebadd Phone,1,"[400, 3]",NA,NA
295,295,Wired Headphones,1,"[11.99, 26]",NA,NA
296,296,Wired Headphones,1,"[11.99, 26]",NA,NA
297,297,AAA Batteries (4-pack),1,"[2.99, 30]",NA,NA
298,298,Lightning Charging Cable,1,"[14.95, 30]",NA,NA
299,299,Apple Airpods Headphones,1,"[150, 22]",NA,NA
300,300,AA Batteries (4-pack),1,"[3.84, 30]",NA,NA
301,301,AA Batteries (4-pack),1,"[3.84, 30]",NA,NA
302,302,Vareebadd Phone,1,"[400, 3]",NA,NA
303,303,USB-C Charging Cable,1,"[11.95, 30]",NA,NA
304,304,Apple Airpods Headphones,1,"[150, 22]",NA,NA
305,305,27in 4K Gaming Monitor,1,"[389.99, 9]",NA,NA
306,306,20in Monitor,1,"[109.99, 6]",NA,NA
307,307,AAA Batteries (4-pack),1,"[2.99, 30]",NA,NA
308,308,Lightning Charging Cable,1,"[14.95, 30]",NA,NA
309,309,Lightning Charging Cable,1,"[14.95, 30]",NA,NA
310,310,USB-C Charging Cable,1,"[11.95, 30]",NA,NA
311,311,iPhone,1,"[700, 10]",NA,NA
312,312,27in FHD Monitor,1,"[149.99, 11]",NA,NA
313,313,USB-C Charging Cable,1,"[11.95, 30]",NA,NA
314,314,Lightning Charging Cable,1,"[14.95, 30]",NA,NA
315,315,Lightning Charging Cable,1,"[14.95, 30]",NA,NA
316,316,USB-C Charging Cable,1,"[11.95, 30]",NA,NA
317,317,AAA Batteries (4-pack),1,"[2.99, 30]",NA,NA
318,318,USB-C Charging Cable,1,"[11.95, 30]",NA,NA
319,319,Lightning Charging Cable,1,"[14.95, 30]",NA,NA
320,320,Flatscreen TV,1,"[300, 7]",NA,NA
321,321,Macbook Pro Laptop,1,"[1700, 7]",NA,NA
322,322,AAA Batteries (4-pack),1,"[2.99, 30]",NA,NA
323,323,AAA Batteries (4-pack),1,"[2.99, 30]",NA,NA
324,324,Wired Headphones,1,"[11.99, 26]",NA,NA
325,325,AAA Batteries (4-pack),1,"[2.99, 30]",NA,NA
326,326,Flatscreen TV,1,"[300, 7]",NA,NA
327,327,AAA Batteries (4-pack),1,"[2.99, 30]",NA,NA
328,328,AAA Batteries (4-pack),1,"[2.99, 30]",NA,NA
329,329,AAA Batteries (4-pack),1,"[2.99, 30]",NA,NA
330,330,27in 4K Gaming Monitor,1,"[389.99, 9]",NA,NA
331,331,AAA Batteries (4-pack),1,"[2.99, 30]",NA,NA
332,332,27in 4K Gaming Monitor,1,"[389.99, 9]",NA,NA
333,333,Macbook Pro Laptop,1,"[1700, 7]",NA,NA
334,334,USB-C Charging Cable,1,"[11.95, 30]",NA,NA
335,335,AAA Batteries (4-pack),1,"[2.99, 30]",NA,NA
336,336,Apple Airpods Headphones,1,"[150, 22]",NA,NA
337,337,AA Batteries (4-pack),1,"[3.84, 30]",NA,NA
338,338,iPhone,1,"[700, 10]",NA,NA
339,339,iPhone,1,"[700, 10]",NA,NA
340,340,Apple Airpods Headphones,1,"[150, 22]",NA,NA
341,341,20in Monitor,1,"[109.99, 6]",NA,NA
342,342,Wired Headphones,1,"[11.99, 26]",NA,NA
343,343,34in Ultrawide Monitor,1,"[379.99, 9]",NA,NA
344,344,Lightning Charging Cable,1,"[14.95, 30]",NA,NA
345,345,Lightning Charging Cable,1,"[14.95, 30]",NA,NA
346,346,AA Batteries (4-pack),1,"[3.84, 30]",NA,NA
347,347,Wired Headphones,1,"[11.99, 26]",NA,NA
348,348,Apple Airpods Headphones,1,"[150, 22]",NA,NA
349,349,AAA Batteries (4-pack),1,"[2.99, 30]",NA,NA
350,350,Flatscreen TV,1,"[300, 7]",NA,NA
351,351,AA Batteries (4-pack),1,"[3.84, 30]",NA,NA
352,352,AA Batteries (4-pack),1,"[3.84, 30]",NA,NA
353,353,iPhone,1,"[700, 10]",NA,NA
354,354,Bose SoundSport Headphones,1,"[99.99, 19]",NA,NA
355,355,Apple Airpods Headphones,1,"[150, 22]",NA,NA
356,356,AA Batteries (4-pack),1,"[3.84, 30]",NA,NA
357,357,AAA Batteries (4-pack),1,"[2.99, 30]",NA,NA
358,358,AA Batteries (4-pack),1,"[3.84, 30]",NA,NA
359,359,Flatscreen TV,1,"[300, 7]",NA,NA
360,360,Google Phone,1,"[600, 8]",NA,NA
361,361,AAA Batteries (4-pack),1,"[2.99, 30]",NA,NA
362,362,AAA Batteries (4-pack),1,"[2.99, 30]",NA,NA
363,363,27in 4K Gaming Monitor,1,"[389.99, 9]",NA,NA
364,364,20in Monitor,1,"[109.99, 6]",NA,NA
365,365,USB-C Charging Cable,1,"[11.95, 30]",NA,NA
366,366,Apple Airpods Headphones,1,"[150, 22]",NA,NA
367,367,Flatscreen TV,1,"[300, 7]",NA,NA
368,368,Bose SoundSport Headphones,1,"[99.99, 19]",NA,NA
369,369,Wired Headphones,1,"[11.99, 26]",NA,NA
370,370,AAA Batteries (4-pack),1,"[2.99, 30]",NA,NA
371,371,Apple Airpods Headphones,1,"[150, 22]",NA,NA
372,372,AAA Batteries (4-pack),1,"[2.99, 30]",NA,NA
373,373,USB-C Charging Cable,1,"[11.95, 30]",NA,NA
374,374,Wired Headphones,1,"[11.99, 26]",NA,NA
375,375,AAA Batteries (4-pack),1,"[2.99, 30]",NA,NA
376,376,Apple Airpods Headphones,1,"[150, 22]",NA,NA
377,377,Lightning Charging Cable,1,"[14.95, 30]",NA,NA
378,378,ThinkPad Laptop,1,"[999.99, 6]",NA,NA
379,379,iPhone,1,"[700, 10]",NA,NA
380,380,Bose SoundSport Headphones,1,"[99.99, 19]",NA,NA
381,381,AAA Batteries (4-pack),1,"[2.99, 30]",NA,NA
382,382,USB-C Charging Cable,1,"[11.95, 30]",NA,NA
383,383,Apple Airpods Headphones,1,"[150, 22]",NA,NA
384,384,Apple Airpods Headphones,1,"[150, 22]",NA,NA
385,385,20in Monitor,1,"[109.99, 6]",NA,NA
386,386,ThinkPad Laptop,1,"[999.99, 6]",NA,NA
387,387,AA Batteries (4-pack),1,"[3.84, 30]",NA,NA
388,388,Bose SoundSport Headphones,1,"[99.99, 19]",NA,NA
389,389,Lightning Charging Cable,1,"[14.95, 30]",NA,NA
390,390,AAA Batteries (4-pack),1,"[2.99, 30]",NA,NA
391,391,Lightning Charging Cable,1,"[14.95, 30]",NA,NA
392,392,ThinkPad Laptop,1,"[999.99, 6]",NA,NA
393,393,27in FHD Monitor,1,"[149.99, 11]",NA,NA
394,394,Lightning Charging Cable,1,"[14.95, 30]",NA,NA
395,395,AA Batteries (4-pack),1,"[3.84, 30]",NA,NA
396,396,AAA Batteries (4-pack),1,"[2.99, 30]",NA,NA
397,397,Bose SoundSport Headphones,1,"[99.99, 19]",NA,NA
398,398,Bose SoundSport Headphones,1,"[99.99, 19]",NA,NA
399,399,Wired Headphones,1,"[11.99, 26]",NA,NA
400,400,Lightning Charging Cable,1,"[14.95, 30]",NA,NA
401,401,Bose SoundSport Headphones,1,"[99.99, 19]",NA,NA
402,402,Wired Headphones,1,"[11.99, 26]",NA,NA
403,403,Lightning Charging Cable,1,"[14.95, 30]",NA,NA
404,404,Bose SoundSport Headphones,1,"[99.99, 19]",NA,NA
405,405,Google Phone,1,"[600, 8]",NA,NA
406,406,AA Batteries (4-pack),1,"[3.84, 30]",NA,NA
407,407,AA Batteries (4-pack),1,"[3.84, 30]",NA,NA
408,408,USB-C Charging Cable,1,"[11.95, 30]",NA,NA
409,409,Lightning Charging Cable,1,"[14.95, 30]",NA,NA
410,410,AAA Batteries (4-pack),1,"[2.99, 30]",NA,NA
411,411,USB-C Charging Cable,1,"[11.95, 30]",NA,NA
412,412,Wired Headphones,1,"[11.99, 26]",NA,NA
413,413,AA Batteries (4-pack),1,"[3.84, 30]",NA,NA
414,414,Macbook Pro Laptop,1,"[1700, 7]",NA,NA
415,415,27in 4K Gaming Monitor,1,"[389.99, 9]",NA,NA
416,416,Apple Airpods Headphones,1,"[150, 22]",NA,NA
417,417,AA Batteries (4-pack),1,"[3.84, 30]",NA,NA
418,418,AAA Batteries (4-pack),1,"[2.99, 30]",NA,NA
419,419,AA Batteries (4-pack),1,"[3.84, 30]",NA,NA
420,420,USB-C Charging Cable,1,"[11.95, 30]",NA,NA
421,421,AA Batteries (4-pack),1,"[3.84, 30]",NA,NA
422,422,Google Phone,1,"[600, 8]",NA,NA
423,423,Wired Headphones,1,"[11.99, 26]",NA,NA
424,424,USB-C Charging Cable,1,"[11.95, 30]",NA,NA
425,425,AA Batteries (4-pack),1,"[3.84, 30]",NA,NA
426,426,AA Batteries (4-pack),1,"[3.84, 30]",NA,NA
427,427,Bose SoundSport Headphones,1,"[99.99, 19]",NA,NA
428,428,Lightning Charging Cable,1,"[14.95, 30]",NA,NA
429,429,Google Phone,1,"[600, 8]",NA,NA
430,430,Google Phone,1,"[600, 8]",NA,NA
431,431,Lightning Charging Cable,1,"[14.95, 30]",NA,NA
432,432,Bose SoundSport Headphones,1,"[99.99, 19]",NA,NA
433,433,AAA Batteries (4-pack),1,"[2.99, 30]",NA,NA
434,434,USB-C Charging Cable,1,"[11.95, 30]",NA,NA
435,435,iPhone,1,"[700, 10]",NA,NA
436,436,AA Batteries (4-pack),1,"[3.84, 30]",NA,NA
437,437,USB-C Charging Cable,1,"[11.95, 30]",NA,NA
438,438,AA Batteries (4-pack),1,"[3.84, 30]",NA,NA
439,439,Wired Headphones,1,"[11.99, 26]",NA,NA
440,440,Lightning Charging Cable,1,"[14.95, 30]",NA,NA
441,441,27in FHD Monitor,1,"[149.99, 11]",NA,NA
442,442,Wired Headphones,1,"[11.99, 26]",NA,NA
443,443,Wired Headphones,1,"[11.99, 26]",NA,NA
444,444,Wired Headphones,1,"[11.99, 26]",NA,NA
445,445,Lightning Charging Cable,1,"[14.95, 30]",NA,NA
446,446,AAA Batteries (4-pack),1,"[2.99, 30]",NA,NA
447,447,Lightning Charging Cable,1,"[14.95, 30]",NA,NA
448,448,Apple Airpods Headphones,1,"[150, 22]",NA,NA
449,449,iPhone,1,"[700, 10]",NA,NA
450,450,Bose SoundSport Headphones,1,"[99.99, 19]",NA,NA
451,451,Lightning Charging Cable,1,"[14.95, 30]",NA,NA
452,452,AA Batteries (4-pack),1,"[3.84, 30]",NA,NA
453,453,Apple Airpods Headphones,1,"[150, 22]",NA,NA
454,454,Google Phone,1,"[600, 8]",NA,NA
455,455,Lightning Charging Cable,1,"[14.95, 30]",NA,NA
456,456,27in FHD Monitor,1,"[149.99, 11]",NA,NA
457,457,AAA Batteries (4-pack),1,"[2.99, 30]",NA,NA
458,458,AA Batteries (4-pack),1,"[3.84, 30]",NA,NA
459,459,AA Batteries (4-pack),1,"[3.84, 30]",NA,NA
460,460,ThinkPad Laptop,1,"[999.99, 6]",NA,NA
461,461,Lightning Charging Cable,1,"[14.95, 30]",NA,NA
462,462,27in 4K Gaming Monitor,1,"[389.99, 9]",NA,NA
463,463,Lightning Charging Cable,1,"[14.95, 30]",NA,NA
464,464,Bose SoundSport Headphones,1,"[99.99, 19]",NA,NA
465,465,Apple Airpods Headphones,1,"[150, 22]",NA,NA
466,466,Google Phone,1,"[600, 8]",NA,NA
467,467,27in FHD Monitor,1,"[149.99, 11]",NA,NA
468,468,27in FHD Monitor,1,"[149.99, 11]",NA,NA
469,469,Flatscreen TV,1,"[300, 7]",NA,NA
470,470,AA Batteries (4-pack),1,"[3.84, 30]",NA,NA
471,471,AAA Batteries (4-pack),1,"[2.99, 30]",NA,NA
472,472,20in Monitor,1,"[109.99, 6]",NA,NA
473,473,Apple Airpods Headphones,1,"[150, 22]",NA,NA
474,474,27in 4K Gaming Monitor,1,"[389.99, 9]",NA,NA
475,475,20in Monitor,1,"[109.99, 6]",NA,NA
476,476,AAA Batteries (4-pack),1,"[2.99, 30]",NA,NA
477,477,Flatscreen TV,1,"[300, 7]",NA,NA
478,478,AA Batteries (4-pack),1,"[3.84, 30]",NA,NA
479,479,Bose SoundSport Headphones,1,"[99.99, 19]",NA,NA
480,480,AA Batteries (4-pack),1,"[3.84, 30]",NA,NA
481,481,USB-C Charging Cable,1,"[11.95, 30]",NA,NA
482,482,Apple Airpods Headphones,1,"[150, 22]",NA,NA
483,483,AA Batteries (4-pack),1,"[3.84, 30]",NA,NA
484,484,AA Batteries (4-pack),1,"[3.84, 30]",NA,NA
485,485,AAA Batteries (4-pack),1,"[2.99, 30]",NA,NA
486,486,Wired Headphones,1,"[11.99, 26]",NA,NA
487,487,20in Monitor,1,"[109.99, 6]",NA,NA
488,488,Lightning Charging Cable,1,"[14.95, 30]",NA,NA
489,489,USB-C Charging Cable,1,"[11.95, 30]",NA,NA
490,490,Lightning Charging Cable,1,"[14.95, 30]",NA,NA
491,491,Wired Headphones,1,"[11.99, 26]",NA,NA
492,492,34in Ultrawide Monitor,1,"[379.99, 9]",NA,NA
493,493,Apple Airpods Headphones,1,"[150, 22]",NA,NA
494,494,Wired Headphones,1,"[11.99, 26]",NA,NA
495,495,AA Batteries (4-pack),1,"[3.84, 30]",NA,NA
496,496,LG Washing Machine,1,"[600.0, 1]",NA,NA
497,497,Macbook Pro Laptop,1,"[1700, 7]",NA,NA
498,498,Flatscreen TV,1,"[300, 7]",NA,NA
499,499,Wired Headphones,1,"[11.99, 26]",NA,NA
500,500,Flatscreen TV,1,"[300, 7]",NA,NA
501,501,Wired Headphones,1,"[11.99, 26]",NA,NA
502,502,AA Batteries (4-pack),1,"[3.84, 30]",NA,NA
503,503,AAA Batteries (4-pack),1,"[2.99, 30]",NA,NA
504,504,USB-C Charging Cable,1,"[11.95, 30]",NA,NA
505,505,LG Washing Machine,1,"[600.0, 1]",NA,NA
506,506,Apple Airpods Headphones,1,"[150, 22]",NA,NA
507,507,Google Phone,1,"[600, 8]",NA,NA
508,508,Bose SoundSport Headphones,1,"[99.99, 19]",NA,NA
509,509,USB-C Charging Cable,1,"[11.95, 30]",NA,NA
510,510,Apple Airpods Headphones,1,"[150, 22]",NA,NA
511,511,27in FHD Monitor,1,"[149.99, 11]",NA,NA
512,512,27in FHD Monitor,1,"[149.99, 11]",NA,NA
513,513,AAA Batteries (4-pack),1,"[2.99, 30]",NA,NA
514,514,USB-C Charging Cable,1,"[11.95, 30]",NA,NA
515,515,USB-C Charging Cable,1,"[11.95, 30]",NA,NA
516,516,AAA Batteries (4-pack),1,"[2.99, 30]",NA,NA
517,517,AAA Batteries (4-pack),1,"[2.99, 30]",NA,NA
518,518,Flatscreen TV,1,"[300, 7]",NA,NA
519,519,Bose SoundSport Headphones,1,"[99.99, 19]",NA,NA
520,520,AA Batteries (4-pack),1,"[3.84, 30]",NA,NA
521,521,AAA Batteries (4-pack),1,"[2.99, 30]",NA,NA
522,522,27in 4K Gaming Monitor,1,"[389.99, 9]",NA,NA
523,523,Apple Airpods Headphones,1,"[150, 22]",NA,NA
524,524,USB-C Charging Cable,1,"[11.95, 30]",NA,NA
525,525,USB-C Charging Cable,1,"[11.95, 30]",NA,NA
526,526,Bose SoundSport Headphones,1,"[99.99, 19]",NA,NA
527,527,27in 4K Gaming Monitor,1,"[389.99, 9]",NA,NA
528,528,USB-C Charging Cable,1,"[11.95, 30]",NA,NA
529,529,Bose SoundSport Headphones,1,"[99.99, 19]",NA,NA
530,530,USB-C Charging Cable,1,"[11.95, 30]",NA,NA
531,531,AA Batteries (4-pack),1,"[3.84, 30]",NA,NA
532,532,Wired Headphones,1,"[11.99, 26]",NA,NA
533,533,ThinkPad Laptop,1,"[999.99, 6]",NA,NA
534,534,Lightning Charging Cable,1,"[14.95, 30]",NA,NA
535,535,27in 4K Gaming Monitor,1,"[389.99, 9]",NA,NA
536,536,USB-C Charging Cable,1,"[11.95, 30]",NA,NA
537,537,Lightning Charging Cable,1,"[14.95, 30]",NA,NA
538,538,Apple Airpods Headphones,1,"[150, 22]",NA,NA
539,539,Wired Headphones,1,"[11.99, 26]",NA,NA
540,540,20in Monitor,1,"[109.99, 6]",NA,NA
541,541,27in FHD Monitor,1,"[149.99, 11]",NA,NA
542,542,iPhone,1,"[700, 10]",NA,NA
543,543,AA Batteries (4-pack),1,"[3.84, 30]",NA,NA
544,544,34in Ultrawide Monitor,1,"[379.99, 9]",NA,NA
545,545,AAA Batteries (4-pack),1,"[2.99, 30]",NA,NA
546,546,Lightning Charging Cable,1,"[14.95, 30]",NA,NA
547,547,Lightning Charging Cable,1,"[14.95, 30]",NA,NA
548,548,Flatscreen TV,1,"[300, 7]",NA,NA
549,549,AAA Batteries (4-pack),1,"[2.99, 30]",NA,NA
550,550,iPhone,1,"[700, 10]",NA,NA
551,551,Bose SoundSport Headphones,1,"[99.99, 19]",NA,NA
552,552,AAA Batteries (4-pack),1,"[2.99, 30]",NA,NA
553,553,ThinkPad Laptop,1,"[999.99, 6]",NA,NA
554,554,AA Batteries (4-pack),1,"[3.84, 30]",NA,NA
555,555,AAA Batteries (4-pack),1,"[2.99, 30]",NA,NA
556,556,Wired Headphones,1,"[11.99, 26]",NA,NA
557,557,Google Phone,1,"[600, 8]",NA,NA
558,558,USB-C Charging Cable,1,"[11.95, 30]",NA,NA
559,559,Google Phone,1,"[600, 8]",NA,NA
560,560,27in FHD Monitor,1,"[149.99, 11]",NA,NA
561,561,Bose SoundSport Headphones,1,"[99.99, 19]",NA,NA
562,562,Apple Airpods Headphones,1,"[150, 22]",NA,NA
563,563,Wired Headphones,1,"[11.99, 26]",NA,NA
564,564,Apple Airpods Headphones,1,"[150, 22]",NA,NA
565,565,Wired Headphones,1,"[11.99, 26]",NA,NA
566,566,AA Batteries (4-pack),1,"[3.84, 30]",NA,NA
567,567,Lightning Charging Cable,1,"[14.95, 30]",NA,NA
568,568,Apple Airpods Headphones,1,"[150, 22]",NA,NA
569,569,Lightning Charging Cable,1,"[14.95, 30]",NA,NA
570,570,AAA Batteries (4-pack),1,"[2.99, 30]",NA,NA
571,571,27in 4K Gaming Monitor,1,"[389.99, 9]",NA,NA
572,572,AA Batteries (4-pack),1,"[3.84, 30]",NA,NA
573,573,ThinkPad Laptop,1,"[999.99, 6]",NA,NA
574,574,Apple Airpods Headphones,1,"[150, 22]",NA,NA
575,575,Flatscreen TV,1,"[300, 7]",NA,NA
576,576,Lightning Charging Cable,1,"[14.95, 30]",NA,NA
577,577,Bose SoundSport Headphones,1,"[99.99, 19]",NA,NA
578,578,34in Ultrawide Monitor,1,"[379.99, 9]",NA,NA
579,579,27in 4K Gaming Monitor,1,"[389.99, 9]",NA,NA
580,580,20in Monitor,1,"[109.99, 6]",NA,NA
581,581,AAA Batteries (4-pack),1,"[2.99, 30]",NA,NA
582,582,ThinkPad Laptop,1,"[999.99, 6]",NA,NA
583,583,AAA Batteries (4-pack),1,"[2.99, 30]",NA,NA
584,584,AA Batteries (4-pack),1,"[3.84, 30]",NA,NA
585,585,Bose SoundSport Headphones,1,"[99.99, 19]",NA,NA
586,586,Wired Headphones,1,"[11.99, 26]",NA,NA
587,587,USB-C Charging Cable,1,"[11.95, 30]",NA,NA
588,588,Apple Airpods Headphones,1,"[150, 22]",NA,NA
589,589,Bose SoundSport Headphones,1,"[99.99, 19]",NA,NA
590,590,Flatscreen TV,1,"[300, 7]",NA,NA
591,591,USB-C Charging Cable,1,"[11.95, 30]",NA,NA
592,592,20in Monitor,1,"[109.99, 6]",NA,NA
593,593,AAA Batteries (4-pack),1,"[2.99, 30]",NA,NA
594,594,Vareebadd Phone,1,"[400, 3]",NA,NA
595,595,27in FHD Monitor,1,"[149.99, 11]",NA,NA
596,596,AA Batteries (4-pack),1,"[3.84, 30]",NA,NA
597,597,Lightning Charging Cable,1,"[14.95, 30]",NA,NA
598,598,USB-C Charging Cable,1,"[11.95, 30]",NA,NA
599,599,Google Phone,1,"[600, 8]",NA,NA
600,600,AAA Batteries (4-pack),1,"[2.99, 30]",NA,NA
601,601,AA Batteries (4-pack),1,"[3.84, 30]",NA,NA
602,602,AA Batteries (4-pack),1,"[3.84, 30]",NA,NA
603,603,AAA Batteries (4-pack),1,"[2.99, 30]",NA,NA
604,604,LG Dryer,1,"[600.0, 1]",NA,NA
605,605,iPhone,1,"[700, 10]",NA,NA
606,606,20in Monitor,1,"[109.99, 6]",NA,NA
607,607,AAA Batteries (4-pack),1,"[2.99, 30]",NA,NA
608,608,LG Dryer,1,"[600.0, 1]",NA,NA
609,609,Wired Headphones,1,"[11.99, 26]",NA,NA
610,610,Bose SoundSport Headphones,1,"[99.99, 19]",NA,NA
611,611,Flatscreen TV,1,"[300, 7]",NA,NA
612,612,Lightning Charging Cable,1,"[14.95, 30]",NA,NA
613,613,27in FHD Monitor,1,"[149.99, 11]",NA,NA
614,614,Apple Airpods Headphones,1,"[150, 22]",NA,NA
615,615,AAA Batteries (4-pack),1,"[2.99, 30]",NA,NA
616,616,Bose SoundSport Headphones,1,"[99.99, 19]",NA,NA
617,617,Vareebadd Phone,1,"[400, 3]",NA,NA
618,618,Lightning Charging Cable,1,"[14.95, 30]",NA,NA
619,619,USB-C Charging Cable,1,"[11.95, 30]",NA,NA
620,620,AA Batteries (4-pack),1,"[3.84, 30]",NA,NA
621,621,Macbook Pro Laptop,1,"[1700, 7]",NA,NA
622,622,AA Batteries (4-pack),1,"[3.84, 30]",NA,NA
623,623,Bose SoundSport Headphones,1,"[99.99, 19]",NA,NA
624,624,34in Ultrawide Monitor,1,"[379.99, 9]",NA,NA
625,625,Macbook Pro Laptop,1,"[1700, 7]",NA,NA
626,626,Lightning Charging Cable,1,"[14.95, 30]",NA,NA
627,627,Wired Headphones,1,"[11.99, 26]",NA,NA
628,628,Flatscreen TV,1,"[300, 7]",NA,NA
629,629,Apple Airpods Headphones,1,"[150, 22]",NA,NA
630,630,34in Ultrawide Monitor,1,"[379.99, 9]",NA,NA
631,631,Macbook Pro Laptop,1,"[1700, 7]",NA,NA
632,632,AA Batteries (4-pack),1,"[3.84, 30]",NA,NA
633,633,Apple Airpods Headphones,1,"[150, 22]",NA,NA
634,634,34in Ultrawide Monitor,1,"[379.99, 9]",NA,NA
635,635,AAA Batteries (4-pack),1,"[2.99, 30]",NA,NA
636,636,AAA Batteries (4-pack),1,"[2.99, 30]",NA,NA
637,637,27in 4K Gaming Monitor,1,"[389.99, 9]",NA,NA
638,638,34in Ultrawide Monitor,1,"[379.99, 9]",NA,NA
639,639,27in FHD Monitor,1,"[149.99, 11]",NA,NA
640,640,USB-C Charging Cable,1,"[11.95, 30]",NA,NA
641,641,Macbook Pro Laptop,1,"[1700, 7]",NA,NA
642,642,Apple Airpods Headphones,1,"[150, 22]",NA,NA
643,643,AAA Batteries (4-pack),1,"[2.99, 30]",NA,NA
644,644,Wired Headphones,1,"[11.99, 26]",NA,NA
645,645,AAA Batteries (4-pack),1,"[2.99, 30]",NA,NA
646,646,AAA Batteries (4-pack),1,"[2.99, 30]",NA,NA
647,647,Flatscreen TV,1,"[300, 7]",NA,NA
648,648,Wired Headphones,1,"[11.99, 26]",NA,NA
649,649,USB-C Charging Cable,1,"[11.95, 30]",NA,NA
650,650,34in Ultrawide Monitor,1,"[379.99, 9]",NA,NA
651,651,27in 4K Gaming Monitor,1,"[389.99, 9]",NA,NA
652,652,AAA Batteries (4-pack),1,"[2.99, 30]",NA,NA
653,653,USB-C Charging Cable,1,"[11.95, 30]",NA,NA
654,654,34in Ultrawide Monitor,1,"[379.99, 9]",NA,NA
655,655,AA Batteries (4-pack),1,"[3.84, 30]",NA,NA
656,656,20in Monitor,1,"[109.99, 6]",NA,NA
657,657,Lightning Charging Cable,1,"[14.95, 30]",NA,NA
658,658,AA Batteries (4-pack),1,"[3.84, 30]",NA,NA
659,659,AA Batteries (4-pack),1,"[3.84, 30]",NA,NA
660,660,Wired Headphones,1,"[11.99, 26]",NA,NA
661,661,Bose SoundSport Headphones,1,"[99.99, 19]",NA,NA
662,662,27in 4K Gaming Monitor,1,"[389.99, 9]",NA,NA
663,663,AA Batteries (4-pack),1,"[3.84, 30]",NA,NA
664,664,Google Phone,1,"[600, 8]",NA,NA
665,665,USB-C Charging Cable,1,"[11.95, 30]",NA,NA
666,666,Lightning Charging Cable,1,"[14.95, 30]",NA,NA
667,667,iPhone,1,"[700, 10]",NA,NA
668,668,AA Batteries (4-pack),1,"[3.84, 30]",NA,NA
669,669,Lightning Charging Cable,1,"[14.95, 30]",NA,NA
670,670,USB-C Charging Cable,1,"[11.95, 30]",NA,NA
671,671,Flatscreen TV,1,"[300, 7]",NA,NA
672,672,Wired Headphones,1,"[11.99, 26]",NA,NA
673,673,ThinkPad Laptop,1,"[999.99, 6]",NA,NA
674,674,iPhone,1,"[700, 10]",NA,NA
675,675,AA Batteries (4-pack),1,"[3.84, 30]",NA,NA
676,676,Apple Airpods Headphones,1,"[150, 22]",NA,NA
677,677,Apple Airpods Headphones,1,"[150, 22]",NA,NA
678,678,AAA Batteries (4-pack),1,"[2.99, 30]",NA,NA
679,679,34in Ultrawide Monitor,1,"[379.99, 9]",NA,NA
680,680,AA Batteries (4-pack),1,"[3.84, 30]",NA,NA
681,681,Wired Headphones,1,"[11.99, 26]",NA,NA
682,682,AA Batteries (4-pack),1,"[3.84, 30]",NA,NA
683,683,Lightning Charging Cable,1,"[14.95, 30]",NA,NA
684,684,Apple Airpods Headphones,1,"[150, 22]",NA,NA
685,685,Bose SoundSport Headphones,1,"[99.99, 19]",NA,NA
686,686,20in Monitor,1,"[109.99, 6]",NA,NA
687,687,iPhone,1,"[700, 10]",NA,NA
688,688,Bose SoundSport Headphones,1,"[99.99, 19]",NA,NA
689,689,AAA Batteries (4-pack),1,"[2.99, 30]",NA,NA
690,690,USB-C Charging Cable,1,"[11.95, 30]",NA,NA
691,691,AAA Batteries (4-pack),1,"[2.99, 30]",NA,NA
692,692,20in Monitor,1,"[109.99, 6]",NA,NA
693,693,Lightning Charging Cable,1,"[14.95, 30]",NA,NA
694,694,ThinkPad Laptop,1,"[999.99, 6]",NA,NA
695,695,AAA Batteries (4-pack),1,"[2.99, 30]",NA,NA
696,696,USB-C Charging Cable,1,"[11.95, 30]",NA,NA
697,697,USB-C Charging Cable,1,"[11.95, 30]",NA,NA
698,698,AA Batteries (4-pack),1,"[3.84, 30]",NA,NA
699,699,Bose SoundSport Headphones,1,"[99.99, 19]",NA,NA
700,700,Lightning Charging Cable,1,"[14.95, 30]",NA,NA
701,701,Wired Headphones,1,"[11.99, 26]",NA,NA
702,702,27in FHD Monitor,1,"[149.99, 11]",NA,NA
703,703,Bose SoundSport Headphones,1,"[99.99, 19]",NA,NA
704,704,AAA Batteries (4-pack),1,"[2.99, 30]",NA,NA
705,705,USB-C Charging Cable,1,"[11.95, 30]",NA,NA
706,706,Vareebadd Phone,1,"[400, 3]",NA,NA
707,707,34in Ultrawide Monitor,1,"[379.99, 9]",NA,NA
708,708,Wired Headphones,1,"[11.99, 26]",NA,NA
709,709,34in Ultrawide Monitor,1,"[379.99, 9]",NA,NA
710,710,27in FHD Monitor,1,"[149.99, 11]",NA,NA
711,711,27in FHD Monitor,1,"[149.99, 11]",NA,NA
712,712,AAA Batteries (4-pack),1,"[2.99, 30]",NA,NA
713,713,Lightning Charging Cable,1,"[14.95, 30]",NA,NA
714,714,34in Ultrawide Monitor,1,"[379.99, 9]",NA,NA
715,715,Lightning Charging Cable,1,"[14.95, 30]",NA,NA
716,716,Google Phone,1,"[600, 8]",NA,NA
717,717,34in Ultrawide Monitor,1,"[379.99, 9]",NA,NA
718,718,USB-C Charging Cable,1,"[11.95, 30]",NA,NA
719,719,Apple Airpods Headphones,1,"[150, 22]",NA,NA
720,720,34in Ultrawide Monitor,1,"[379.99, 9]",NA,NA
721,721,Bose SoundSport Headphones,1,"[99.99, 19]",NA,NA
722,722,AAA Batteries (4-pack),1,"[2.99, 30]",NA,NA
723,723,20in Monitor,1,"[109.99, 6]",NA,NA
724,724,AA Batteries (4-pack),1,"[3.84, 30]",NA,NA
725,725,AAA Batteries (4-pack),1,"[2.99, 30]",NA,NA
726,726,Google Phone,1,"[600, 8]",NA,NA
727,727,USB-C Charging Cable,1,"[11.95, 30]",NA,NA
728,728,Bose SoundSport Headphones,1,"[99.99, 19]",NA,NA
729,729,Google Phone,1,"[600, 8]",NA,NA
730,730,ThinkPad Laptop,1,"[999.99, 6]",NA,NA
731,731,Apple Airpods Headphones,1,"[150, 22]",NA,NA
732,732,Lightning Charging Cable,1,"[14.95, 30]",NA,NA
733,733,USB-C Charging Cable,1,"[11.95, 30]",NA,NA
734,734,iPhone,1,"[700, 10]",NA,NA
735,735,Lightning Charging Cable,1,"[14.95, 30]",NA,NA
736,736,Lightning Charging Cable,1,"[14.95, 30]",NA,NA
737,737,Lightning Charging Cable,1,"[14.95, 30]",NA,NA
738,738,Bose SoundSport Headphones,1,"[99.99, 19]",NA,NA
739,739,Wired Headphones,1,"[11.99, 26]",NA,NA
740,740,Apple Airpods Headphones,1,"[150, 22]",NA,NA
741,741,Lightning Charging Cable,1,"[14.95, 30]",NA,NA
742,742,Google Phone,1,"[600, 8]",NA,NA
743,743,AA Batteries (4-pack),1,"[3.84, 30]",NA,NA
744,744,Lightning Charging Cable,1,"[14.95, 30]",NA,NA
745,745,USB-C Charging Cable,1,"[11.95, 30]",NA,NA
746,746,Bose SoundSport Headphones,1,"[99.99, 19]",NA,NA
747,747,AAA Batteries (4-pack),1,"[2.99, 30]",NA,NA
748,748,Apple Airpods Headphones,1,"[150, 22]",NA,NA
749,749,AA Batteries (4-pack),1,"[3.84, 30]",NA,NA
750,750,AAA Batteries (4-pack),1,"[2.99, 30]",NA,NA
751,751,AA Batteries (4-pack),1,"[3.84, 30]",NA,NA
752,752,Vareebadd Phone,1,"[400, 3]",NA,NA
753,753,ThinkPad Laptop,1,"[999.99, 6]",NA,NA
754,754,Apple Airpods Headphones,1,"[150, 22]",NA,NA
755,755,34in Ultrawide Monitor,1,"[379.99, 9]",NA,NA
756,756,USB-C Charging Cable,1,"[11.95, 30]",NA,NA
757,757,Lightning Charging Cable,1,"[14.95, 30]",NA,NA
758,758,27in FHD Monitor,1,"[149.99, 11]",NA,NA
759,759,Apple Airpods Headphones,1,"[150, 22]",NA,NA
760,760,AA Batteries (4-pack),1,"[3.84, 30]",NA,NA
761,761,34in Ultrawide Monitor,1,"[379.99, 9]",NA,NA
762,762,Flatscreen TV,1,"[300, 7]",NA,NA
763,763,Wired Headphones,1,"[11.99, 26]",NA,NA
764,764,Bose SoundSport Headphones,1,"[99.99, 19]",NA,NA
765,765,Vareebadd Phone,1,"[400, 3]",NA,NA
766,766,20in Monitor,1,"[109.99, 6]",NA,NA
767,767,USB-C Charging Cable,1,"[11.95, 30]",NA,NA
768,768,Wired Headphones,1,"[11.99, 26]",NA,NA
769,769,Macbook Pro Laptop,1,"[1700, 7]",NA,NA
770,770,27in 4K Gaming Monitor,1,"[389.99, 9]",NA,NA
771,771,AAA Batteries (4-pack),1,"[2.99, 30]",NA,NA
772,772,Lightning Charging Cable,1,"[14.95, 30]",NA,NA
773,773,Wired Headphones,1,"[11.99, 26]",NA,NA
774,774,iPhone,1,"[700, 10]",NA,NA
775,775,AA Batteries (4-pack),1,"[3.84, 30]",NA,NA
776,776,USB-C Charging Cable,1,"[11.95, 30]",NA,NA
777,777,Wired Headphones,1,"[11.99, 26]",NA,NA
778,778,Lightning Charging Cable,1,"[14.95, 30]",NA,NA
779,779,AA Batteries (4-pack),1,"[3.84, 30]",NA,NA
780,780,Wired Headphones,1,"[11.99, 26]",NA,NA
781,781,AAA Batteries (4-pack),1,"[2.99, 30]",NA,NA
782,782,iPhone,1,"[700, 10]",NA,NA
783,783,AAA Batteries (4-pack),1,"[2.99, 30]",NA,NA
784,784,Lightning Charging Cable,1,"[14.95, 30]",NA,NA
785,785,Apple Airpods Headphones,1,"[150, 22]",NA,NA
786,786,Bose SoundSport Headphones,1,"[99.99, 19]",NA,NA
787,787,Macbook Pro Laptop,1,"[1700, 7]",NA,NA
788,788,Wired Headphones,1,"[11.99, 26]",NA,NA
789,789,ThinkPad Laptop,1,"[999.99, 6]",NA,NA
790,790,AAA Batteries (4-pack),1,"[2.99, 30]",NA,NA
791,791,34in Ultrawide Monitor,1,"[379.99, 9]",NA,NA
792,792,27in FHD Monitor,1,"[149.99, 11]",NA,NA
793,793,AAA Batteries (4-pack),1,"[2.99, 30]",NA,NA
794,794,AA Batteries (4-pack),1,"[3.84, 30]",NA,NA
795,795,Lightning Charging Cable,1,"[14.95, 30]",NA,NA
796,796,AA Batteries (4-pack),1,"[3.84, 30]",NA,NA
797,797,AA Batteries (4-pack),1,"[3.84, 30]",NA,NA
798,798,Lightning Charging Cable,1,"[14.95, 30]",NA,NA
799,799,AA Batteries (4-pack),1,"[3.84, 30]",NA,NA
800,800,Macbook Pro Laptop,1,"[1700, 7]",NA,NA
801,801,AAA Batteries (4-pack),1,"[2.99, 30]",NA,NA
802,802,27in FHD Monitor,1,"[149.99, 11]",NA,NA
803,803,iPhone,1,"[700, 10]",NA,NA
804,804,Apple Airpods Headphones,1,"[150, 22]",NA,NA
805,805,AAA Batteries (4-pack),1,"[2.99, 30]",NA,NA
806,806,Lightning Charging Cable,1,"[14.95, 30]",NA,NA
807,807,34in Ultrawide Monitor,1,"[379.99, 9]",NA,NA
808,808,Flatscreen TV,1,"[300, 7]",NA,NA
809,809,USB-C Charging Cable,1,"[11.95, 30]",NA,NA
810,810,Wired Headphones,1,"[11.99, 26]",NA,NA
811,811,AAA Batteries (4-pack),1,"[2.99, 30]",NA,NA
812,812,Apple Airpods Headphones,1,"[150, 22]",NA,NA
813,813,Apple Airpods Headphones,1,"[150, 22]",NA,NA
814,814,AAA Batteries (4-pack),1,"[2.99, 30]",NA,NA
815,815,Bose SoundSport Headphones,1,"[99.99, 19]",NA,NA
816,816,Apple Airpods Headphones,1,"[150, 22]",NA,NA
817,817,Macbook Pro Laptop,1,"[1700, 7]",NA,NA
818,818,AA Batteries (4-pack),1,"[3.84, 30]",NA,NA
819,819,USB-C Charging Cable,1,"[11.95, 30]",NA,NA
820,820,AAA Batteries (4-pack),1,"[2.99, 30]",NA,NA
821,821,Wired Headphones,1,"[11.99, 26]",NA,NA
822,822,USB-C Charging Cable,1,"[11.95, 30]",NA,NA
823,823,Apple Airpods Headphones,1,"[150, 22]",NA,NA
824,824,ThinkPad Laptop,1,"[999.99, 6]",NA,NA
825,825,AAA Batteries (4-pack),1,"[2.99, 30]",NA,NA
826,826,34in Ultrawide Monitor,1,"[379.99, 9]",NA,NA
827,827,USB-C Charging Cable,1,"[11.95, 30]",NA,NA
828,828,34in Ultrawide Monitor,1,"[379.99, 9]",NA,NA
829,829,AA Batteries (4-pack),1,"[3.84, 30]",NA,NA
830,830,AA Batteries (4-pack),1,"[3.84, 30]",NA,NA
831,831,Google Phone,1,"[600, 8]",NA,NA
832,832,Bose SoundSport Headphones,1,"[99.99, 19]",NA,NA
833,833,ThinkPad Laptop,1,"[999.99, 6]",NA,NA
834,834,Bose SoundSport Headphones,1,"[99.99, 19]",NA,NA
835,835,Macbook Pro Laptop,1,"[1700, 7]",NA,NA
836,836,AA Batteries (4-pack),1,"[3.84, 30]",NA,NA
837,837,AAA Batteries (4-pack),1,"[2.99, 30]",NA,NA
838,838,USB-C Charging Cable,1,"[11.95, 30]",NA,NA
839,839,USB-C Charging Cable,1,"[11.95, 30]",NA,NA
840,840,AA Batteries (4-pack),1,"[3.84, 30]",NA,NA
841,841,AA Batteries (4-pack),1,"[3.84, 30]",NA,NA
842,842,USB-C Charging Cable,1,"[11.95, 30]",NA,NA
843,843,USB-C Charging Cable,1,"[11.95, 30]",NA,NA
844,844,iPhone,1,"[700, 10]",NA,NA
845,845,AA Batteries (4-pack),1,"[3.84, 30]",NA,NA
846,846,Wired Headphones,1,"[11.99, 26]",NA,NA
847,847,Bose SoundSport Headphones,1,"[99.99, 19]",NA,NA
848,848,27in FHD Monitor,1,"[149.99, 11]",NA,NA
849,849,USB-C Charging Cable,1,"[11.95, 30]",NA,NA
850,850,USB-C Charging Cable,1,"[11.95, 30]",NA,NA
851,851,20in Monitor,1,"[109.99, 6]",NA,NA
852,852,AAA Batteries (4-pack),1,"[2.99, 30]",NA,NA
853,853,Lightning Charging Cable,1,"[14.95, 30]",NA,NA
854,854,AAA Batteries (4-pack),1,"[2.99, 30]",NA,NA
855,855,Wired Headphones,1,"[11.99, 26]",NA,NA
856,856,ThinkPad Laptop,1,"[999.99, 6]",NA,NA
857,857,Bose SoundSport Headphones,1,"[99.99, 19]",NA,NA
858,858,USB-C Charging Cable,1,"[11.95, 30]",NA,NA
859,859,Google Phone,1,"[600, 8]",NA,NA
860,860,USB-C Charging Cable,1,"[11.95, 30]",NA,NA
861,861,AAA Batteries (4-pack),1,"[2.99, 30]",NA,NA
862,862,34in Ultrawide Monitor,1,"[379.99, 9]",NA,NA
863,863,ThinkPad Laptop,1,"[999.99, 6]",NA,NA
864,864,AA Batteries (4-pack),1,"[3.84, 30]",NA,NA
865,865,Wired Headphones,1,"[11.99, 26]",NA,NA
866,866,USB-C Charging Cable,1,"[11.95, 30]",NA,NA
867,867,Lightning Charging Cable,1,"[14.95, 30]",NA,NA
868,868,AA Batteries (4-pack),1,"[3.84, 30]",NA,NA
869,869,AAA Batteries (4-pack),1,"[2.99, 30]",NA,NA
870,870,USB-C Charging Cable,1,"[11.95, 30]",NA,NA
871,871,AAA Batteries (4-pack),1,"[2.99, 30]",NA,NA
872,872,Wired Headphones,1,"[11.99, 26]",NA,NA
873,873,Wired Headphones,1,"[11.99, 26]",NA,NA
874,874,AA Batteries (4-pack),1,"[3.84, 30]",NA,NA
875,875,Macbook Pro Laptop,1,"[1700, 7]",NA,NA
876,876,Wired Headphones,1,"[11.99, 26]",NA,NA
877,877,Lightning Charging Cable,1,"[14.95, 30]",NA,NA
878,878,Bose SoundSport Headphones,1,"[99.99, 19]",NA,NA
879,879,iPhone,1,"[700, 10]",NA,NA
880,880,27in FHD Monitor,1,"[149.99, 11]",NA,NA
881,881,Wired Headphones,1,"[11.99, 26]",NA,NA
882,882,Lightning Charging Cable,1,"[14.95, 30]",NA,NA
883,883,Bose SoundSport Headphones,1,"[99.99, 19]",NA,NA
884,884,USB-C Charging Cable,1,"[11.95, 30]",NA,NA
885,885,Lightning Charging Cable,1,"[14.95, 30]",NA,NA
886,886,USB-C Charging Cable,1,"[11.95, 30]",NA,NA
887,887,AA Batteries (4-pack),1,"[3.84, 30]",NA,NA
888,888,Wired Headphones,1,"[11.99, 26]",NA,NA
889,889,ThinkPad Laptop,1,"[999.99, 6]",NA,NA
890,890,Apple Airpods Headphones,1,"[150, 22]",NA,NA
891,891,AAA Batteries (4-pack),1,"[2.99, 30]",NA,NA
892,892,20in Monitor,1,"[109.99, 6]",NA,NA
893,893,AA Batteries (4-pack),1,"[3.84, 30]",NA,NA
894,894,iPhone,1,"[700, 10]",NA,NA
895,895,Lightning Charging Cable,1,"[14.95, 30]",NA,NA
896,896,Wired Headphones,1,"[11.99, 26]",NA,NA
897,897,Flatscreen TV,1,"[300, 7]",NA,NA
898,898,Bose SoundSport Headphones,1,"[99.99, 19]",NA,NA
899,899,Apple Airpods Headphones,1,"[150, 22]",NA,NA
900,900,27in FHD Monitor,1,"[149.99, 11]",NA,NA
901,901,Google Phone,1,"[600, 8]",NA,NA
902,902,USB-C Charging Cable,1,"[11.95, 30]",NA,NA
903,903,Apple Airpods Headphones,1,"[150, 22]",NA,NA
904,904,iPhone,1,"[700, 10]",NA,NA
905,905,AAA Batteries (4-pack),1,"[2.99, 30]",NA,NA
906,906,AAA Batteries (4-pack),1,"[2.99, 30]",NA,NA
907,907,Bose SoundSport Headphones,1,"[99.99, 19]",NA,NA
908,908,27in FHD Monitor,1,"[149.99, 11]",NA,NA
909,909,Google Phone,1,"[600, 8]",NA,NA
910,910,Apple Airpods Headphones,1,"[150, 22]",NA,NA
911,911,27in 4K Gaming Monitor,1,"[389.99, 9]",NA,NA
912,912,AAA Batteries (4-pack),1,"[2.99, 30]",NA,NA
913,913,Bose SoundSport Headphones,1,"[99.99, 19]",NA,NA
914,914,AA Batteries (4-pack),1,"[3.84, 30]",NA,NA
915,915,Wired Headphones,1,"[11.99, 26]",NA,NA
916,916,USB-C Charging Cable,1,"[11.95, 30]",NA,NA
917,917,Wired Headphones,1,"[11.99, 26]",NA,NA
918,918,Apple Airpods Headphones,1,"[150, 22]",NA,NA
919,919,Lightning Charging Cable,1,"[14.95, 30]",NA,NA
920,920,27in FHD Monitor,1,"[149.99, 11]",NA,NA
921,921,Wired Headphones,1,"[11.99, 26]",NA,NA
922,922,Google Phone,1,"[600, 8]",NA,NA
923,923,Lightning Charging Cable,1,"[14.95, 30]",NA,NA
924,924,iPhone,1,"[700, 10]",NA,NA
925,925,USB-C Charging Cable,1,"[11.95, 30]",NA,NA
926,926,Wired Headphones,1,"[11.99, 26]",NA,NA
927,927,AAA Batteries (4-pack),1,"[2.99, 30]",NA,NA
928,928,Vareebadd Phone,1,"[400, 3]",NA,NA
929,929,Wired Headphones,1,"[11.99, 26]",NA,NA
930,930,AA Batteries (4-pack),1,"[3.84, 30]",NA,NA
931,931,AAA Batteries (4-pack),1,"[2.99, 30]",NA,NA
932,932,Wired Headphones,1,"[11.99, 26]",NA,NA
933,933,AAA Batteries (4-pack),1,"[2.99, 30]",NA,NA
934,934,Lightning Charging Cable,1,"[14.95, 30]",NA,NA
935,935,USB-C Charging Cable,1,"[11.95, 30]",NA,NA
936,936,Bose SoundSport Headphones,1,"[99.99, 19]",NA,NA
937,937,AA Batteries (4-pack),1,"[3.84, 30]",NA,NA
938,938,Apple Airpods Headphones,1,"[150, 22]",NA,NA
939,939,AAA Batteries (4-pack),1,"[2.99, 30]",NA,NA
940,940,27in FHD Monitor,1,"[149.99, 11]",NA,NA
941,941,AA Batteries (4-pack),1,"[3.84, 30]",NA,NA
942,942,USB-C Charging Cable,1,"[11.95, 30]",NA,NA
943,943,AA Batteries (4-pack),1,"[3.84, 30]",NA,NA
944,944,AA Batteries (4-pack),1,"[3.84, 30]",NA,NA
945,945,USB-C Charging Cable,1,"[11.95, 30]",NA,NA
946,946,Lightning Charging Cable,1,"[14.95, 30]",NA,NA
947,947,27in FHD Monitor,1,"[149.99, 11]",NA,NA
948,948,34in Ultrawide Monitor,1,"[379.99, 9]",NA,NA
949,949,AAA Batteries (4-pack),1,"[2.99, 30]",NA,NA
950,950,iPhone,1,"[700, 10]",NA,NA
951,951,27in 4K Gaming Monitor,1,"[389.99, 9]",NA,NA
952,952,AA Batteries (4-pack),1,"[3.84, 30]",NA,NA
953,953,AA Batteries (4-pack),1,"[3.84, 30]",NA,NA
954,954,Lightning Charging Cable,1,"[14.95, 30]",NA,NA
955,955,Bose SoundSport Headphones,1,"[99.99, 19]",NA,NA
956,956,Macbook Pro Laptop,1,"[1700, 7]",NA,NA
957,957,Apple Airpods Headphones,1,"[150, 22]",NA,NA
958,958,Wired Headphones,1,"[11.99, 26]",NA,NA
959,959,Wired Headphones,1,"[11.99, 26]",NA,NA
960,960,ThinkPad Laptop,1,"[999.99, 6]",NA,NA
961,961,USB-C Charging Cable,1,"[11.95, 30]",NA,NA
962,962,27in 4K Gaming Monitor,1,"[389.99, 9]",NA,NA
963,963,Lightning Charging Cable,1,"[14.95, 30]",NA,NA
964,964,LG Washing Machine,1,"[600.0, 1]",NA,NA
965,965,Apple Airpods Headphones,1,"[150, 22]",NA,NA
966,966,Lightning Charging Cable,1,"[14.95, 30]",NA,NA
967,967,Bose SoundSport Headphones,1,"[99.99, 19]",NA,NA
968,968,USB-C Charging Cable,1,"[11.95, 30]",NA,NA
969,969,Lightning Charging Cable,1,"[14.95, 30]",NA,NA
970,970,Lightning Charging Cable,1,"[14.95, 30]",NA,NA
971,971,AAA Batteries (4-pack),1,"[2.99, 30]",NA,NA
972,972,34in Ultrawide Monitor,1,"[379.99, 9]",NA,NA
973,973,AA Batteries (4-pack),1,"[3.84, 30]",NA,NA
974,974,AAA Batteries (4-pack),1,"[2.99, 30]",NA,NA
975,975,USB-C Charging Cable,1,"[11.95, 30]",NA,NA
976,976,USB-C Charging Cable,1,"[11.95, 30]",NA,NA
977,977,34in Ultrawide Monitor,1,"[379.99, 9]",NA,NA
978,978,iPhone,1,"[700, 10]",NA,NA
979,979,Apple Airpods Headphones,1,"[150, 22]",NA,NA
980,980,AAA Batteries (4-pack),1,"[2.99, 30]",NA,NA
981,981,34in Ultrawide Monitor,1,"[379.99, 9]",NA,NA
982,982,Macbook Pro Laptop,1,"[1700, 7]",NA,NA
983,983,Bose SoundSport Headphones,1,"[99.99, 19]",NA,NA
984,984,USB-C Charging Cable,1,"[11.95, 30]",NA,NA
985,985,Lightning Charging Cable,1,"[14.95, 30]",NA,NA
986,986,AAA Batteries (4-pack),1,"[2.99, 30]",NA,NA
987,987,Lightning Charging Cable,1,"[14.95, 30]",NA,NA
988,988,USB-C Charging Cable,1,"[11.95, 30]",NA,NA
989,989,Google Phone,1,"[600, 8]",NA,NA
990,990,USB-C Charging Cable,1,"[11.95, 30]",NA,NA
991,991,iPhone,1,"[700, 10]",NA,NA
992,992,USB-C Charging Cable,1,"[11.95, 30]",NA,NA
993,993,USB-C Charging Cable,1,"[11.95, 30]",NA,NA
994,994,Wired Headphones,1,"[11.99, 26]",NA,NA
995,995,AA Batteries (4-pack),1,"[3.84, 30]",NA,NA
996,996,AAA Batteries (4-pack),1,"[2.99, 30]",NA,NA
997,997,Wired Headphones,1,"[11.99, 26]",NA,NA
998,998,Apple Airpods Headphones,1,"[150, 22]",NA,NA
999,999,USB-C Charging Cable,1,"[11.95, 30]",NA,NA
